<?xml version="1.0" encoding="UTF-8"?>
<project-private xmlns="http://www.netbeans.org/ns/project-private/1">
    <editor-bookmarks xmlns="http://www.netbeans.org/ns/editor-bookmarks/2" lastBookmarkId="0"/>
    <open-files xmlns="http://www.netbeans.org/ns/projectui-open-files/2">
        <group>
            <file>file:/C:/Users/Admin/OneDrive/Documents/NetBeansProjects/SmartHospitalRINL/web/logind.jsp</file>
            <file>file:/C:/Users/Admin/OneDrive/Documents/NetBeansProjects/SmartHospitalRINL/web/PatientRegister.jsp</file>
            <file>file:/C:/Users/Admin/OneDrive/Documents/NetBeansProjects/SmartHospitalRINL/web/indexdph.html</file>
            <file>file:/C:/Users/Admin/OneDrive/Documents/NetBeansProjects/SmartHospitalRINL/web/index.html</file>
            <file>file:/C:/Users/Admin/OneDrive/Documents/NetBeansProjects/SmartHospitalRINL/web/DoctorRegister.jsp</file>
            <file>file:/C:/Users/Admin/OneDrive/Documents/NetBeansProjects/SmartHospitalRINL/web/HospitalStaffRegister.jsp</file>
            <file>file:/C:/Users/Admin/OneDrive/Documents/NetBeansProjects/SmartHospitalRINL/web/loginh.jsp</file>
        </group>
    </open-files>
</project-private>
